nome,cognome,telefono
Marco,Rossi,+39 347 1234567
Giulia,Bianchi,+39 339 2345678
Alessandro,Ferrari,+39 338 3456789
Francesca,Russo,+39 331 4567890
Paolo,Esposito,+39 333 5678901
Valentina,Romano,+39 328 6789012
Andrea,Colombo,+39 340 7890123
Chiara,Ricci,+39 329 8901234
Lorenzo,Marino,+39 349 9012345
Sofia,Greco,+39 327 0123456
Matteo,Bruno,+39 346 1234567
Martina,Gallo,+39 335 2345678
Giovanni,Costa,+39 334 3456789
Giorgia,Fontana,+39 348 4567890
Davide,Conti,+39 332 5678901
Sara,De Luca,+39 324 6789012
Luca,Mancini,+39 336 7890123
Laura,Lombardi,+39 330 8901234
Simone,Giordano,+39 326 9012345
Elisa,Santoro,+39 337 0123456
Federico,Marini,+39 345 1234567
Alessia,Ferrara,+39 339 2345678
Riccardo,Caruso,+39 333 3456789
Alice,Leone,+39 328 4567890
Tommaso,Galli,+39 347 5678901
Beatrice,Vitale,+39 338 6789012
Gabriele,Longo,+39 329 7890123
Elena,Serra,+39 340 8901234
Daniele,Martinelli,+39 331 9012345
Anna,Rizzo,+39 335 0123456
Stefano,Moretti,+39 346 1234567
Eleonora,Villa,+39 327 2345678
Michele,Ferri,+39 334 3456789
Veronica,Basile,+39 348 4567890
Filippo,Farina,+39 330 5678901
Roberta,Rinaldi,+39 324 6789012
Francesco,D'Angelo,+39 339 7890123
Claudia,Pellegrini,+39 337 8901234
Enrico,Orlando,+39 336 9012345
Marta,Palumbo,+39 349 0123456
Emanuele,Silvestri,+39 332 1234567
Federica,Messina,+39 329 2345678
Alberto,Gentile,+39 328 3456789
Cristina,Monti,+39 340 4567890
Nicola,Marchetti,+39 326 5678901
Serena,Parisi,+39 345 6789012
Pietro,Benedetti,+39 331 7890123
Irene,Barone,+39 334 8901234
Antonio,Rossetti,+39 333 9012345
Noemi,Montanari,+39 338 0123456
Claudio,Bellini,+39 347 1234567
Paola,Pagano,+39 335 2345678
Valerio,Bernardi,+39 339 3456789
Ilaria,Mazza,+39 327 4567890
Jacopo,Rizzi,+39 330 5678901
Caterina,Grasso,+39 349 6789012
Dario,Ferraro,+39 326 7890123
Ludovica,De Santis,+39 337 8901234
Leonardo,Mariani,+39 346 9012345
Monica,Donati,+39 328 0123456
Edoardo,Cattaneo,+39 332 1234567
Camilla,Vitali,+39 324 2345678
Fabio,Belli,+39 336 3456789
Arianna,Barbieri,+39 334 4567890
Vincenzo,Giorgi,+39 340 5678901
Rebecca,De Rosa,+39 329 6789012
Mirko,Fiore,+39 348 7890123
Giada,Fabbri,+39 331 8901234
Massimo,Sala,+39 333 9012345
Angelica,Sanna,+39 338 0123456
Emilio,Riva,+39 339 1234567
Vittoria,Martino,+39 347 2345678
Massimiliano,Guerra,+39 335 3456789
Carlotta,Testa,+39 330 4567890
Luigi,Amato,+39 327 5678901
Bianca,Grassi,+39 328 6789012
Giacomo,Negri,+39 345 7890123
Cecilia,Lombardo,+39 326 8901234
Raffaele,Sorrentino,+39 334 9012345
Viola,Caputo,+39 349 0123456
Angelo,Valente,+39 336 1234567
Carolina,Bianco,+39 332 2345678
Maurizio,Palmieri,+39 324 3456789
Matilde,Piras,+39 337 4567890
Fabrizio,Battaglia,+39 340 5678901
Margherita,Gallo,+39 329 6789012
Saverio,Corti,+39 346 7890123
Benedetta,Farina,+39 331 8901234
Guido,D'Amico,+39 348 9012345
Alessandra,Moro,+39 333 0123456
Luciano,Pasquale,+39 338 1234567
Silvia,Ferretti,+39 339 2345678
Enzo,Carbone,+39 335 3456789
Michela,Luca,+39 347 4567890